Position,Name + ID,Name,ID,Roster Position,Salary,Game Info,TeamAbbrev,AvgPointsPerGame,Status,WAvgPoints
PG,Luka Doncic (26913141),Luka Doncic,26913141,PG/G/UTIL,11800,DAL@NOP 03/08/2023 07:30PM ET,DAL,61.04,,61.04
C,Nikola Jokic (26913144),Nikola Jokic,26913144,C/UTIL,11600,CHI@DEN 03/08/2023 09:00PM ET,DEN,59.12,L,76.856
PG,Damian Lillard (26913146),Damian Lillard,26913146,PG/G/UTIL,11500,POR@BOS 03/08/2023 07:30PM ET,POR,52.48,L,62.976
SF/PF,Jayson Tatum (26913149),Jayson Tatum,26913149,SF/PF/F/UTIL,10300,POR@BOS 03/08/2023 07:30PM ET,BOS,52.98,L,68.874
SF/PF,Kevin Durant (26913153),Kevin Durant,26913153,SF/PF/F/UTIL,9800,OKC@PHX 03/08/2023 09:00PM ET,PHX,49.68,L,59.616
PG/SG,Devin Booker (26913157),Devin Booker,26913157,PG/SG/G/UTIL,9500,OKC@PHX 03/08/2023 09:00PM ET,PHX,44.26,L,57.538
PG/SG,Kyrie Irving (26913161),Kyrie Irving,26913161,PG/SG/G/UTIL,9400,DAL@NOP 03/08/2023 07:30PM ET,DAL,46.22,,46.22
PG/SG,Donovan Mitchell (26913165),Donovan Mitchell,26913165,PG/SG/G/UTIL,9300,CLE@MIA 03/08/2023 07:30PM ET,CLE,44.32,L,44.32
PG,Shai Gilgeous-Alexander (26913169),Shai Gilgeous-Alexander,26913169,PG/G/UTIL,9200,OKC@PHX 03/08/2023 09:00PM ET,OKC,50.12,O,50.12
SG/SF,Jaylen Brown (26913172),Jaylen Brown,26913172,SG/SF/F/G/UTIL,9100,POR@BOS 03/08/2023 07:30PM ET,BOS,43.7,L,52.44
SF/PF,Kawhi Leonard (26913177),Kawhi Leonard,26913177,SF/PF/F/UTIL,9000,TOR@LAC 03/08/2023 10:00PM ET,LAC,41.07,L,49.284
SG/SF,Paul George (26913181),Paul George,26913181,SG/SF/F/G/UTIL,8900,TOR@LAC 03/08/2023 10:00PM ET,LAC,42.94,L,42.94
PF/C,Kristaps Porzingis (26913186),Kristaps Porzingis,26913186,PF/C/F/UTIL,8900,ATL@WAS 03/08/2023 07:00PM ET,WAS,42.71,L,42.71
PG,Trae Young (26913190),Trae Young,26913190,PG/G/UTIL,8800,ATL@WAS 03/08/2023 07:00PM ET,ATL,47.87,L,62.231
SF,Jimmy Butler (26913193),Jimmy Butler,26913193,SF/F/UTIL,8700,CLE@MIA 03/08/2023 07:30PM ET,MIA,41.45,L,41.45
SG/SF,Zach LaVine (26913196),Zach LaVine,26913196,SG/SF/F/G/UTIL,8600,CHI@DEN 03/08/2023 09:00PM ET,CHI,38.96,L,46.752
PF/C,Pascal Siakam (26913201),Pascal Siakam,26913201,PF/C/F/UTIL,8500,TOR@LAC 03/08/2023 10:00PM ET,TOR,46.07,L,55.284
SF,Brandon Ingram (26913205),Brandon Ingram,26913205,SF/F/UTIL,8400,DAL@NOP 03/08/2023 07:30PM ET,NOP,38.17,L,49.621
PG,Fred VanVleet (26913208),Fred VanVleet,26913208,PG/G/UTIL,8400,TOR@LAC 03/08/2023 10:00PM ET,TOR,40.32,L,52.416
PG,Darius Garland (26913215),Darius Garland,26913215,PG/G/UTIL,8300,CLE@MIA 03/08/2023 07:30PM ET,CLE,40.38,L,40.38
PF/C,Zion Williamson (26913211),Zion Williamson,26913211,PF/C/F/UTIL,8300,DAL@NOP 03/08/2023 07:30PM ET,NOP,43.57,O,43.57
SF/PF,DeMar DeRozan (26913218),DeMar DeRozan,26913218,SF/PF/F/UTIL,8200,CHI@DEN 03/08/2023 09:00PM ET,CHI,40.42,L,52.546
SG,Bradley Beal (26913222),Bradley Beal,26913222,SG/G/UTIL,8100,ATL@WAS 03/08/2023 07:00PM ET,WAS,38.64,L,38.64
PF/C,Evan Mobley (26913227),Evan Mobley,26913227,PF/C/F/UTIL,8000,CLE@MIA 03/08/2023 07:30PM ET,CLE,35.29,L,35.29
C,Bam Adebayo (26913225),Bam Adebayo,26913225,C/UTIL,8000,CLE@MIA 03/08/2023 07:30PM ET,MIA,41.76,L,50.112
C,Nikola Vucevic (26913231),Nikola Vucevic,26913231,C/UTIL,7900,CHI@DEN 03/08/2023 09:00PM ET,CHI,40.47,L,40.47
PG,Jamal Murray (26913233),Jamal Murray,26913233,PG/G/UTIL,7800,CHI@DEN 03/08/2023 09:00PM ET,DEN,37.15,L,37.15
PG/SG,Dejounte Murray (26913236),Dejounte Murray,26913236,PG/SG/G/UTIL,7700,ATL@WAS 03/08/2023 07:00PM ET,ATL,40.6,L,48.72
PG/SG,Josh Giddey (26913240),Josh Giddey,26913240,PG/SG/G/UTIL,7600,OKC@PHX 03/08/2023 09:00PM ET,OKC,37.49,L,44.988
PG,CJ McCollum (26913244),CJ McCollum,26913244,PG/G/UTIL,7500,DAL@NOP 03/08/2023 07:30PM ET,NOP,38.18,L,45.816
SF/PF,Kyle Kuzma (26913247),Kyle Kuzma,26913247,SF/PF/F/UTIL,7500,ATL@WAS 03/08/2023 07:00PM ET,WAS,38.26,L,45.912
C,Deandre Ayton (26913251),Deandre Ayton,26913251,C/UTIL,7400,OKC@PHX 03/08/2023 09:00PM ET,PHX,36.62,L,47.606
PG,Chris Paul (26913253),Chris Paul,26913253,PG/G/UTIL,7400,OKC@PHX 03/08/2023 09:00PM ET,PHX,36.26,L,36.26
PF,Jerami Grant (26913256),Jerami Grant,26913256,PF/F/UTIL,7300,POR@BOS 03/08/2023 07:30PM ET,POR,33.53,L,33.53
PG,Russell Westbrook (26913259),Russell Westbrook,26913259,PG/G/UTIL,7200,TOR@LAC 03/08/2023 10:00PM ET,LAC,37.18,L,44.616
SF/PF,Jalen Williams (26913262),Jalen Williams,26913262,SF/PF/F/UTIL,7100,OKC@PHX 03/08/2023 09:00PM ET,OKC,26.7,L,26.7
PG/SG,Tyler Herro (26913266),Tyler Herro,26913266,PG/SG/G/UTIL,7000,CLE@MIA 03/08/2023 07:30PM ET,MIA,36.58,L,40.238
PG/SG,Anfernee Simons (26913270),Anfernee Simons,26913270,PG/SG/G/UTIL,7000,POR@BOS 03/08/2023 07:30PM ET,POR,33.13,O,33.13
C,Jonas Valanciunas (26913274),Jonas Valanciunas,26913274,C/UTIL,6900,DAL@NOP 03/08/2023 07:30PM ET,NOP,30.61,L,30.61
SF/PF,Scottie Barnes (26913276),Scottie Barnes,26913276,SF/PF/F/UTIL,6800,TOR@LAC 03/08/2023 10:00PM ET,TOR,34.73,L,31.257
C,Jarrett Allen (26913280),Jarrett Allen,26913280,C/UTIL,6700,CLE@MIA 03/08/2023 07:30PM ET,CLE,33.05,L,29.745
C,Jakob Poeltl (26913282),Jakob Poeltl,26913282,C/UTIL,6600,TOR@LAC 03/08/2023 10:00PM ET,TOR,32.16,L,32.16
C,Jusuf Nurkic (26913284),Jusuf Nurkic,26913284,C/UTIL,6500,POR@BOS 03/08/2023 07:30PM ET,POR,33.11,O,33.11
PF,Aaron Gordon (26913286),Aaron Gordon,26913286,PF/F/UTIL,6400,CHI@DEN 03/08/2023 09:00PM ET,DEN,32.92,L,32.92
C,Clint Capela (26913289),Clint Capela,26913289,C/UTIL,6300,ATL@WAS 03/08/2023 07:00PM ET,ATL,31.8,L,38.16
PG,Malcolm Brogdon (26913291),Malcolm Brogdon,26913291,PG/G/UTIL,6200,POR@BOS 03/08/2023 07:30PM ET,BOS,27.53,L,33.036
PG,Marcus Smart (26913294),Marcus Smart,26913294,PG/G/UTIL,6100,POR@BOS 03/08/2023 07:30PM ET,BOS,29.38,L,29.38
SF,Luguentz Dort (26913297),Luguentz Dort,26913297,SF/F/UTIL,6000,OKC@PHX 03/08/2023 09:00PM ET,OKC,25.82,L,30.984
SG/SF,OG Anunoby (26913300),OG Anunoby,26913300,SG/SF/F/G/UTIL,5900,TOR@LAC 03/08/2023 10:00PM ET,TOR,31.17,L,31.17
SF,Michael Porter Jr. (26913305),Michael Porter Jr.,26913305,SF/F/UTIL,5800,CHI@DEN 03/08/2023 09:00PM ET,DEN,28.84,L,25.956
PG/SG,Derrick White (26913308),Derrick White,26913308,PG/SG/G/UTIL,5700,POR@BOS 03/08/2023 07:30PM ET,BOS,25.38,L,25.38
C,Ivica Zubac (26913312),Ivica Zubac,26913312,C/UTIL,5600,TOR@LAC 03/08/2023 10:00PM ET,LAC,27.49,L,27.49
PF/C,Al Horford (26913314),Al Horford,26913314,PF/C/F/UTIL,5500,POR@BOS 03/08/2023 07:30PM ET,BOS,25.61,L,25.61
C,Mason Plumlee (26913318),Mason Plumlee,26913318,C/UTIL,5400,TOR@LAC 03/08/2023 10:00PM ET,LAC,31.38,L,31.38
SG/SF,Trey Murphy III (26913320),Trey Murphy III,26913320,SG/SF/F/G/UTIL,5300,DAL@NOP 03/08/2023 07:30PM ET,NOP,23.14,L,23.14
PG,Delon Wright (26913325),Delon Wright,26913325,PG/G/UTIL,5200,ATL@WAS 03/08/2023 07:00PM ET,WAS,22.16,L,22.16
PF,Herbert Jones (26913328),Herbert Jones,26913328,PF/F/UTIL,5100,DAL@NOP 03/08/2023 07:30PM ET,NOP,22.18,L,22.18
SG/SF,Josh Okogie (26913331),Josh Okogie,26913331,SG/SF/F/G/UTIL,5100,OKC@PHX 03/08/2023 09:00PM ET,PHX,15.17,L,15.17
SG/SF,Gary Trent Jr. (26913336),Gary Trent Jr.,26913336,SG/SF/F/G/UTIL,5000,TOR@LAC 03/08/2023 10:00PM ET,TOR,28.44,L,28.44
C,Daniel Gafford (26913341),Daniel Gafford,26913341,C/UTIL,5000,ATL@WAS 03/08/2023 07:00PM ET,WAS,19.82,L,25.766
C,Robert Williams (26913343),Robert Williams,26913343,C/UTIL,4900,POR@BOS 03/08/2023 07:30PM ET,BOS,24.72,O,24.72
C,Christian Wood (26913345),Christian Wood,26913345,C/UTIL,4900,DAL@NOP 03/08/2023 07:30PM ET,DAL,32.53,L,29.277
SF/PF,Saddiq Bey (26913350),Saddiq Bey,26913350,SF/PF/F/UTIL,4800,ATL@WAS 03/08/2023 07:00PM ET,ATL,25.48,L,25.48
SG,Josh Richardson (26913347),Josh Richardson,26913347,SG/G/UTIL,4800,DAL@NOP 03/08/2023 07:30PM ET,NOP,22.46,L,26.952
SF/PF,Caleb Martin (26913359),Caleb Martin,26913359,SF/PF/F/UTIL,4700,CLE@MIA 03/08/2023 07:30PM ET,MIA,22.05,L,26.46
SG/SF,Cam Reddish (26913354),Cam Reddish,26913354,SG/SF/F/G/UTIL,4700,POR@BOS 03/08/2023 07:30PM ET,POR,18.2,L,18.2
PG,Monte Morris (26913363),Monte Morris,26913363,PG/G/UTIL,4700,ATL@WAS 03/08/2023 07:00PM ET,WAS,24.53,L,24.53
SG/SF,Tim Hardaway Jr. (26913366),Tim Hardaway Jr.,26913366,SG/SF/F/G/UTIL,4600,DAL@NOP 03/08/2023 07:30PM ET,DAL,23.98,L,23.98
SG/SF,Eric Gordon (26913374),Eric Gordon,26913374,SG/SF/F/G/UTIL,4600,TOR@LAC 03/08/2023 10:00PM ET,LAC,21.55,L,21.55
PF,Kevin Love (26913371),Kevin Love,26913371,PF/F/UTIL,4600,CLE@MIA 03/08/2023 07:30PM ET,MIA,21.01,L,21.01
SF/PF,De'Andre Hunter (26913386),De'Andre Hunter,26913386,SF/PF/F/UTIL,4500,ATL@WAS 03/08/2023 07:00PM ET,ATL,24.87,L,24.87
PG,Kyle Lowry (26913383),Kyle Lowry,26913383,PG/G/UTIL,4500,CLE@MIA 03/08/2023 07:30PM ET,MIA,28.48,O,28.48
PG/SG,Landry Shamet (26913379),Landry Shamet,26913379,PG/SG/G/UTIL,4500,OKC@PHX 03/08/2023 09:00PM ET,PHX,17.08,O,17.08
SG/SF,Bogdan Bogdanovic (26913397),Bogdan Bogdanovic,26913397,SG/SF/F/G/UTIL,4400,ATL@WAS 03/08/2023 07:00PM ET,ATL,25.84,L,25.84
SG,Isaiah Joe (26913394),Isaiah Joe,26913394,SG/G/UTIL,4400,OKC@PHX 03/08/2023 09:00PM ET,OKC,16.02,L,24.03
SF/PF,Deni Avdija (26913390),Deni Avdija,26913390,SF/PF/F/UTIL,4400,ATL@WAS 03/08/2023 07:00PM ET,WAS,23.02,L,23.02
SG/SF,Norman Powell (26913402),Norman Powell,26913402,SG/SF/F/G/UTIL,4300,TOR@LAC 03/08/2023 10:00PM ET,LAC,25.32,O,25.32
PG/SG,Victor Oladipo (26913407),Victor Oladipo,26913407,PG/SG/G/UTIL,4300,CLE@MIA 03/08/2023 07:30PM ET,MIA,22.87,L,27.444
C,Aleksej Pokusevski (26913411),Aleksej Pokusevski,26913411,C/UTIL,4200,OKC@PHX 03/08/2023 09:00PM ET,OKC,22.17,O,22.17
C,Drew Eubanks (26913413),Drew Eubanks,26913413,C/UTIL,4200,POR@BOS 03/08/2023 07:30PM ET,POR,17.32,L,17.32
PF/C,John Collins (26913419),John Collins,26913419,PF/C/F/UTIL,4100,ATL@WAS 03/08/2023 07:00PM ET,ATL,26.6,L,31.92
PG/SG,Patrick Beverley (26913415),Patrick Beverley,26913415,PG/SG/G/UTIL,4100,CHI@DEN 03/08/2023 09:00PM ET,CHI,17.65,L,21.18
SF/PF,Patrick Williams (26913429),Patrick Williams,26913429,SF/PF/F/UTIL,4000,CHI@DEN 03/08/2023 09:00PM ET,CHI,20.66,L,20.66
SG,Caris LeVert (26913423),Caris LeVert,26913423,SG/G/UTIL,4000,CLE@MIA 03/08/2023 07:30PM ET,CLE,24.5,L,24.5
SF,Matisse Thybulle (26913426),Matisse Thybulle,26913426,SF/F/UTIL,4000,POR@BOS 03/08/2023 07:30PM ET,POR,9.99,L,9.99
C,Onyeka Okongwu (26913438),Onyeka Okongwu,26913438,C/UTIL,3900,ATL@WAS 03/08/2023 07:00PM ET,ATL,23.38,L,23.38
SF/PF,Grant Williams (26913440),Grant Williams,26913440,SF/PF/F/UTIL,3900,POR@BOS 03/08/2023 07:30PM ET,BOS,19.22,L,19.22
SG,Kentavious Caldwell-Pope (26913435),Kentavious Caldwell-Pope,26913435,SG/G/UTIL,3900,CHI@DEN 03/08/2023 09:00PM ET,DEN,22.58,L,27.096
C,Guillermo Hernangomez (26913433),Guillermo Hernangomez,26913433,C/UTIL,3900,DAL@NOP 03/08/2023 07:30PM ET,NOP,17.25,L,17.25
SG/SF,Bruce Brown (26913444),Bruce Brown,26913444,SG/SF/F/G/UTIL,3800,CHI@DEN 03/08/2023 09:00PM ET,DEN,24.53,L,29.436
PG/SG,Gabe Vincent (26913453),Gabe Vincent,26913453,PG/SG/G/UTIL,3800,CLE@MIA 03/08/2023 07:30PM ET,MIA,18.13,L,18.13
PF/C,Larry Nance Jr. (26913449),Larry Nance Jr.,26913449,PF/C/F/UTIL,3800,DAL@NOP 03/08/2023 07:30PM ET,NOP,20.9,O,20.9
C,Precious Achiuwa (26913457),Precious Achiuwa,26913457,C/UTIL,3800,TOR@LAC 03/08/2023 10:00PM ET,TOR,21.56,L,21.56
C,Mike Muscala (26913464),Mike Muscala,26913464,C/UTIL,3700,POR@BOS 03/08/2023 07:30PM ET,BOS,13.3,B,13.3
SF,Josh Green (26913461),Josh Green,26913461,SF/F/UTIL,3700,DAL@NOP 03/08/2023 07:30PM ET,DAL,16.57,L,16.57
C,Jaylin Williams (26913459),Jaylin Williams,26913459,C/UTIL,3700,OKC@PHX 03/08/2023 09:00PM ET,OKC,15.27,O,22.905
PG/SG,Coby White (26913482),Coby White,26913482,PG/SG/G/UTIL,3600,CHI@DEN 03/08/2023 09:00PM ET,CHI,17.48,L,17.48
PF,Reggie Bullock (26913466),Reggie Bullock,26913466,PF/F/UTIL,3600,DAL@NOP 03/08/2023 07:30PM ET,DAL,16.07,O,16.07
PG/SG,Reggie Jackson (26913469),Reggie Jackson,26913469,PG/SG/G/UTIL,3600,CHI@DEN 03/08/2023 09:00PM ET,DEN,20.13,L,20.13
SG/SF,Max Strus (26913473),Max Strus,26913473,SG/SF/F/G/UTIL,3600,CLE@MIA 03/08/2023 07:30PM ET,MIA,21.86,L,21.86
SF/PF,Naji Marshall (26913478),Naji Marshall,26913478,SF/PF/F/UTIL,3600,DAL@NOP 03/08/2023 07:30PM ET,NOP,19.72,L,19.72
PF/C,Blake Griffin (26913502),Blake Griffin,26913502,PF/C/F/UTIL,3500,POR@BOS 03/08/2023 07:30PM ET,BOS,11.84,B,11.84
PF,Marcus Morris Sr. (26913486),Marcus Morris Sr.,26913486,PF/F/UTIL,3500,TOR@LAC 03/08/2023 10:00PM ET,LAC,22.25,L,22.25
PF/C,Jaxson Hayes (26913489),Jaxson Hayes,26913489,PF/C/F/UTIL,3500,DAL@NOP 03/08/2023 07:30PM ET,NOP,11.49,B,11.49
SF,Aaron Wiggins (26913499),Aaron Wiggins,26913499,SF/F/UTIL,3500,OKC@PHX 03/08/2023 09:00PM ET,OKC,14.38,L,17.256
PG,Cameron Payne (26913493),Cameron Payne,26913493,PG/G/UTIL,3500,OKC@PHX 03/08/2023 09:00PM ET,PHX,23.26,L,23.26
PF,Chris Boucher (26913496),Chris Boucher,26913496,PF/F/UTIL,3500,TOR@LAC 03/08/2023 10:00PM ET,TOR,20.82,L,20.82
PG/SG,Alex Caruso (26913525),Alex Caruso,26913525,PG/SG/G/UTIL,3400,CHI@DEN 03/08/2023 09:00PM ET,CHI,18.43,L,18.43
PG,Ricky Rubio (26913529),Ricky Rubio,26913529,PG/G/UTIL,3400,CLE@MIA 03/08/2023 07:30PM ET,CLE,15.1,L,15.1
C,Dwight Powell (26913509),Dwight Powell,26913509,C/UTIL,3400,DAL@NOP 03/08/2023 07:30PM ET,DAL,15.16,L,15.16
PF/C,Jeff Green (26913517),Jeff Green,26913517,PF/C/F/UTIL,3400,CHI@DEN 03/08/2023 09:00PM ET,DEN,14.07,L,14.07
PG/SG,Terance Mann (26913521),Terance Mann,26913521,PG/SG/G/UTIL,3400,TOR@LAC 03/08/2023 10:00PM ET,LAC,18.49,L,18.49
PF/C,Dario Saric (26913511),Dario Saric,26913511,PF/C/F/UTIL,3400,OKC@PHX 03/08/2023 09:00PM ET,OKC,14.3,L,20.02
PF,Torrey Craig (26913506),Torrey Craig,26913506,PF/F/UTIL,3400,OKC@PHX 03/08/2023 09:00PM ET,PHX,19.73,L,19.73
C,Trendon Watford (26913515),Trendon Watford,26913515,C/UTIL,3400,POR@BOS 03/08/2023 07:30PM ET,POR,13.79,L,13.79
C,Andre Drummond (26913551),Andre Drummond,26913551,C/UTIL,3300,CHI@DEN 03/08/2023 09:00PM ET,CHI,17.04,L,17.04
SG/SF,Isaac Okoro (26913542),Isaac Okoro,26913542,SG/SF/F/G/UTIL,3300,CLE@MIA 03/08/2023 07:30PM ET,CLE,13.51,L,16.212
PF/C,Maxi Kleber (26913553),Maxi Kleber,26913553,PF/C/F/UTIL,3300,DAL@NOP 03/08/2023 07:30PM ET,DAL,15.35,O,15.35
SF/PF,Vlatko Cancar (26913547),Vlatko Cancar,26913547,SF/PF/F/UTIL,3300,CHI@DEN 03/08/2023 09:00PM ET,DEN,12.38,O,12.38
PF/C,Nicolas Batum (26913532),Nicolas Batum,26913532,PF/C/F/UTIL,3300,TOR@LAC 03/08/2023 10:00PM ET,LAC,16.56,L,16.56
C,Jock Landale (26913536),Jock Landale,26913536,C/UTIL,3300,OKC@PHX 03/08/2023 09:00PM ET,PHX,14.3,L,14.3
PG/SG,Shaedon Sharpe (26913538),Shaedon Sharpe,26913538,PG/SG/G/UTIL,3300,POR@BOS 03/08/2023 07:30PM ET,POR,13.52,L,13.52
SG/SF,Sam Hauser (26913574),Sam Hauser,26913574,SG/SF/F/G/UTIL,3200,POR@BOS 03/08/2023 07:30PM ET,BOS,12.22,B,12.22
PG,Ayo Dosunmu (26913565),Ayo Dosunmu,26913565,PG/G/UTIL,3200,CHI@DEN 03/08/2023 09:00PM ET,CHI,18.89,L,18.89
SG/SF,Danny Green (26913582),Danny Green,26913582,SG/SF/F/G/UTIL,3200,CLE@MIA 03/08/2023 07:30PM ET,CLE,6.18,B,6.18
SG/SF,Justin Holiday (26913587),Justin Holiday,26913587,SG/SF/F/G/UTIL,3200,DAL@NOP 03/08/2023 07:30PM ET,DAL,9.45,L,9.45
PF,Duncan Robinson (26913579),Duncan Robinson,26913579,PF/F/UTIL,3200,CLE@MIA 03/08/2023 07:30PM ET,MIA,11.92,L,11.92
PG,Jose Alvarado (26913557),Jose Alvarado,26913557,PG/G/UTIL,3200,DAL@NOP 03/08/2023 07:30PM ET,NOP,19.02,O,19.02
PF,Ousmane Dieng (26913571),Ousmane Dieng,26913571,PF/F/UTIL,3200,OKC@PHX 03/08/2023 09:00PM ET,OKC,11.93,L,11.93
SG,Will Barton (26913568),Will Barton,26913568,SG/G/UTIL,3200,TOR@LAC 03/08/2023 10:00PM ET,TOR,15.18,O,15.18
SG/SF,Corey Kispert (26913560),Corey Kispert,26913560,SG/SF/F/G/UTIL,3200,ATL@WAS 03/08/2023 07:00PM ET,WAS,16.64,L,16.64
SF/PF,Lamar Stevens (26913613),Lamar Stevens,26913613,SF/PF/F/UTIL,3100,CLE@MIA 03/08/2023 07:30PM ET,CLE,11.48,B,11.48
SF/PF,Cedi Osman (26913617),Cedi Osman,26913617,SF/PF/F/UTIL,3100,CLE@MIA 03/08/2023 07:30PM ET,CLE,15.33,L,15.33
PG/SG,Frank Ntilikina (26913609),Frank Ntilikina,26913609,PG/SG/G/UTIL,3100,DAL@NOP 03/08/2023 07:30PM ET,DAL,6.22,L,6.22
C,Cody Zeller (26913607),Cody Zeller,26913607,C/UTIL,3100,CLE@MIA 03/08/2023 07:30PM ET,MIA,11.25,L,11.25
C,Olivier Sarr (26913605),Olivier Sarr,26913605,C/UTIL,3100,OKC@PHX 03/08/2023 09:00PM ET,OKC,5.75,L,5.75
SG/SF,Terrence Ross (26913592),Terrence Ross,26913592,SG/SF/F/G/UTIL,3100,OKC@PHX 03/08/2023 09:00PM ET,PHX,14.4,L,14.4
SF/PF,Nassir Little (26913597),Nassir Little,26913597,SF/PF/F/UTIL,3100,POR@BOS 03/08/2023 07:30PM ET,POR,13.01,L,13.01
PG/SG,Jordan Goodwin (26913601),Jordan Goodwin,26913601,PG/SG/G/UTIL,3100,ATL@WAS 03/08/2023 07:00PM ET,WAS,16.87,L,16.87
PG,Aaron Holiday (26913846),Aaron Holiday,26913846,PG/G/UTIL,3000,ATL@WAS 03/08/2023 07:00PM ET,ATL,8.99,B,8.99
SG,Garrison Mathews (26913849),Garrison Mathews,26913849,SG/G/UTIL,3000,ATL@WAS 03/08/2023 07:00PM ET,ATL,8.56,B,8.56
SG/SF,AJ Griffin (26913852),AJ Griffin,26913852,SG/SF/F/G/UTIL,3000,ATL@WAS 03/08/2023 07:00PM ET,ATL,14.95,B,14.95
SG/SF,Trent Forrest (26913857),Trent Forrest,26913857,SG/SF/F/G/UTIL,3000,ATL@WAS 03/08/2023 07:00PM ET,ATL,7.99,B,7.99
PG,Vit Krejci (26913862),Vit Krejci,26913862,PG/G/UTIL,3000,ATL@WAS 03/08/2023 07:00PM ET,ATL,3.27,B,3.27
PF,Jalen Johnson (26913865),Jalen Johnson,26913865,PF/F/UTIL,3000,ATL@WAS 03/08/2023 07:00PM ET,ATL,13.24,B,13.24
SF,Tyrese Martin (26913868),Tyrese Martin,26913868,SF/F/UTIL,3000,ATL@WAS 03/08/2023 07:00PM ET,ATL,1.88,B,1.88
SF,Donovan Williams (26913871),Donovan Williams,26913871,SF/F/UTIL,3000,ATL@WAS 03/08/2023 07:00PM ET,ATL,0,B,0
C,Bruno Fernando (26913874),Bruno Fernando,26913874,C/UTIL,3000,ATL@WAS 03/08/2023 07:00PM ET,ATL,11.96,B,11.96
PF/C,Luke Kornet (26913625),Luke Kornet,26913625,PF/C/F/UTIL,3000,POR@BOS 03/08/2023 07:30PM ET,BOS,9.99,B,9.99
PG,JD Davison (26913744),JD Davison,26913744,PG/G/UTIL,3000,POR@BOS 03/08/2023 07:30PM ET,BOS,1.58,B,1.58
PF,Mfiondu Kabengele (26913747),Mfiondu Kabengele,26913747,PF/F/UTIL,3000,POR@BOS 03/08/2023 07:30PM ET,BOS,3.88,B,3.88
PG/SG,Payton Pritchard (26913750),Payton Pritchard,26913750,PG/SG/G/UTIL,3000,POR@BOS 03/08/2023 07:30PM ET,BOS,8.98,O,8.98
SF,Danilo Gallinari (26913754),Danilo Gallinari,26913754,SF/F/UTIL,3000,POR@BOS 03/08/2023 07:30PM ET,BOS,0,O,0
PF/C,Derrick Jones Jr. (26913772),Derrick Jones Jr.,26913772,PF/C/F/UTIL,3000,CHI@DEN 03/08/2023 09:00PM ET,CHI,11,B,11
PG,Carlik Jones (26913776),Carlik Jones,26913776,PG/G/UTIL,3000,CHI@DEN 03/08/2023 09:00PM ET,CHI,4.62,B,4.62
PF/C,Terry Taylor (26913779),Terry Taylor,26913779,PF/C/F/UTIL,3000,CHI@DEN 03/08/2023 09:00PM ET,CHI,5.37,B,5.37
SF,Dalen Terry (26913783),Dalen Terry,26913783,SF/F/UTIL,3000,CHI@DEN 03/08/2023 09:00PM ET,CHI,4.14,B,4.14
PF/C,Marko Simonovic (26913786),Marko Simonovic,26913786,PF/C/F/UTIL,3000,CHI@DEN 03/08/2023 09:00PM ET,CHI,0,B,0
SF/PF,Javonte Green (26913790),Javonte Green,26913790,SF/PF/F/UTIL,3000,CHI@DEN 03/08/2023 09:00PM ET,CHI,13.62,O,13.62
PG,Lonzo Ball (26913794),Lonzo Ball,26913794,PG/G/UTIL,3000,CHI@DEN 03/08/2023 09:00PM ET,CHI,0,B,0
PG,Raul Neto (26913916),Raul Neto,26913916,PG/G/UTIL,3000,CLE@MIA 03/08/2023 07:30PM ET,CLE,7.17,B,7.17
C,Robin Lopez (26913919),Robin Lopez,26913919,C/UTIL,3000,CLE@MIA 03/08/2023 07:30PM ET,CLE,5.05,B,5.05
PF/C,Dean Wade (26913921),Dean Wade,26913921,PF/C/F/UTIL,3000,CLE@MIA 03/08/2023 07:30PM ET,CLE,13.01,B,13.01
SF,Dylan Windler (26913925),Dylan Windler,26913925,SF/F/UTIL,3000,CLE@MIA 03/08/2023 07:30PM ET,CLE,0,B,0
SG,Sam Merrill (26913928),Sam Merrill,26913928,SG/G/UTIL,3000,CLE@MIA 03/08/2023 07:30PM ET,CLE,2,B,2
PF/C,Isaiah Mobley (26913931),Isaiah Mobley,26913931,PF/C/F/UTIL,3000,CLE@MIA 03/08/2023 07:30PM ET,CLE,3.16,B,3.16
PF/C,Mamadi Diakite (26913935),Mamadi Diakite,26913935,PF/C/F/UTIL,3000,CLE@MIA 03/08/2023 07:30PM ET,CLE,3.69,B,3.69
C,JaVale McGee (26913824),JaVale McGee,26913824,C/UTIL,3000,DAL@NOP 03/08/2023 07:30PM ET,DAL,8.7,O,8.7
PF/C,Markieff Morris (26913826),Markieff Morris,26913826,PF/C/F/UTIL,3000,DAL@NOP 03/08/2023 07:30PM ET,DAL,8.34,B,8.34
SF,Theo Pinson (26913830),Theo Pinson,26913830,SF/F/UTIL,3000,DAL@NOP 03/08/2023 07:30PM ET,DAL,4.98,B,4.98
PG/SG,Jaden Hardy (26913833),Jaden Hardy,26913833,PG/SG/G/UTIL,3000,DAL@NOP 03/08/2023 07:30PM ET,DAL,10.04,B,10.04
PF,Davis Bertans (26913837),Davis Bertans,26913837,PF/F/UTIL,3000,DAL@NOP 03/08/2023 07:30PM ET,DAL,6.85,B,6.85
PG,McKinley Wright IV (26913840),McKinley Wright IV,26913840,PG/G/UTIL,3000,DAL@NOP 03/08/2023 07:30PM ET,DAL,8.05,B,8.05
SG,AJ Lawson (26913843),AJ Lawson,26913843,SG/G/UTIL,3000,DAL@NOP 03/08/2023 07:30PM ET,DAL,4.08,B,4.08
C,DeAndre Jordan (26913632),DeAndre Jordan,26913632,C/UTIL,3000,CHI@DEN 03/08/2023 09:00PM ET,DEN,13.33,B,13.33
PG,Ish Smith (26913634),Ish Smith,26913634,PG/G/UTIL,3000,CHI@DEN 03/08/2023 09:00PM ET,DEN,8.22,B,8.22
SG,Peyton Watson (26913637),Peyton Watson,26913637,SG/G/UTIL,3000,CHI@DEN 03/08/2023 09:00PM ET,DEN,2.54,B,2.54
PF,Jack White (26913640),Jack White,26913640,PF/F/UTIL,3000,CHI@DEN 03/08/2023 09:00PM ET,DEN,2.6,B,2.6
SG/SF,Christian Braun (26913643),Christian Braun,26913643,SG/SF/F/G/UTIL,3000,CHI@DEN 03/08/2023 09:00PM ET,DEN,9.54,B,9.54
C,Thomas Bryant (26913648),Thomas Bryant,26913648,C/UTIL,3000,CHI@DEN 03/08/2023 09:00PM ET,DEN,21.45,B,21.45
PF/C,Zeke Nnaji (26913650),Zeke Nnaji,26913650,PF/C/F/UTIL,3000,CHI@DEN 03/08/2023 09:00PM ET,DEN,9.84,O,9.84
PG,Collin Gillespie (26913654),Collin Gillespie,26913654,PG/G/UTIL,3000,CHI@DEN 03/08/2023 09:00PM ET,DEN,0,O,0
PF/C,Robert Covington (26913621),Robert Covington,26913621,PF/C/F/UTIL,3000,TOR@LAC 03/08/2023 10:00PM ET,LAC,15.24,B,15.24
PG,Xavier Moon (26913657),Xavier Moon,26913657,PG/G/UTIL,3000,TOR@LAC 03/08/2023 10:00PM ET,LAC,0,B,0
SF/PF,Amir Coffey (26913660),Amir Coffey,26913660,SF/PF/F/UTIL,3000,TOR@LAC 03/08/2023 10:00PM ET,LAC,7.45,B,7.45
PG/SG,Brandon Boston Jr. (26913664),Brandon Boston Jr.,26913664,PG/SG/G/UTIL,3000,TOR@LAC 03/08/2023 10:00PM ET,LAC,10.75,B,10.75
PG,Jason Preston (26913668),Jason Preston,26913668,PG/G/UTIL,3000,TOR@LAC 03/08/2023 10:00PM ET,LAC,8.5,B,8.5
PG,Bones Hyland (26913671),Bones Hyland,26913671,PG/G/UTIL,3000,TOR@LAC 03/08/2023 10:00PM ET,LAC,20.74,B,20.74
PF/C,Moussa Diabate (26913674),Moussa Diabate,26913674,PF/C/F/UTIL,3000,TOR@LAC 03/08/2023 10:00PM ET,LAC,7.32,B,7.32
C,Udonis Haslem (26913757),Udonis Haslem,26913757,C/UTIL,3000,CLE@MIA 03/08/2023 07:30PM ET,MIA,2.83,B,2.83
SG,Jamal Cain (26913759),Jamal Cain,26913759,SG/G/UTIL,3000,CLE@MIA 03/08/2023 07:30PM ET,MIA,10.23,B,10.23
C,Orlando Robinson (26913762),Orlando Robinson,26913762,C/UTIL,3000,CLE@MIA 03/08/2023 07:30PM ET,MIA,11.47,B,11.47
SF/PF,Haywood Highsmith (26913764),Haywood Highsmith,26913764,SF/PF/F/UTIL,3000,CLE@MIA 03/08/2023 07:30PM ET,MIA,12.42,B,12.42
C,Omer Yurtseven (26913768),Omer Yurtseven,26913768,C/UTIL,3000,CLE@MIA 03/08/2023 07:30PM ET,MIA,0,B,0
C,Nikola Jovic (26913770),Nikola Jovic,26913770,C/UTIL,3000,CLE@MIA 03/08/2023 07:30PM ET,MIA,10.18,B,10.18
PG/SG,Garrett Temple (26913678),Garrett Temple,26913678,PG/SG/G/UTIL,3000,DAL@NOP 03/08/2023 07:30PM ET,NOP,5,B,5
SF,Dereon Seabron (26913682),Dereon Seabron,26913682,SF/F/UTIL,3000,DAL@NOP 03/08/2023 07:30PM ET,NOP,1.05,B,1.05
PG/SG,Kira Lewis Jr. (26913685),Kira Lewis Jr.,26913685,PG/SG/G/UTIL,3000,DAL@NOP 03/08/2023 07:30PM ET,NOP,10.14,B,10.14
SG/SF,Dyson Daniels (26913689),Dyson Daniels,26913689,SG/SF/F/G/UTIL,3000,DAL@NOP 03/08/2023 07:30PM ET,NOP,13.66,B,13.66
PF,E.J. Liddell (26913694),E.J. Liddell,26913694,PF/F/UTIL,3000,DAL@NOP 03/08/2023 07:30PM ET,NOP,0,O,0
PG/SG,Tre Mann (26913876),Tre Mann,26913876,PG/SG/G/UTIL,3000,OKC@PHX 03/08/2023 09:00PM ET,OKC,14.97,B,14.97
PG,Jared Butler (26913880),Jared Butler,26913880,PG/G/UTIL,3000,OKC@PHX 03/08/2023 09:00PM ET,OKC,1.25,B,1.25
PF/C,Jeremiah Robinson-Earl (26913883),Jeremiah Robinson-Earl,26913883,PF/C/F/UTIL,3000,OKC@PHX 03/08/2023 09:00PM ET,OKC,16.61,B,16.61
SG/SF,Lindy Waters III (26913887),Lindy Waters III,26913887,SG/SF/F/G/UTIL,3000,OKC@PHX 03/08/2023 09:00PM ET,OKC,9.26,B,9.26
C,Kenrich Williams (26913892),Kenrich Williams,26913892,C/UTIL,3000,OKC@PHX 03/08/2023 09:00PM ET,OKC,19.55,B,19.55
C,Chet Holmgren (26913894),Chet Holmgren,26913894,C/UTIL,3000,OKC@PHX 03/08/2023 09:00PM ET,OKC,0,B,0
SG,Damion Lee (26913725),Damion Lee,26913725,SG/G/UTIL,3000,OKC@PHX 03/08/2023 09:00PM ET,PHX,15.9,B,15.9
C,Bismack Biyombo (26913728),Bismack Biyombo,26913728,C/UTIL,3000,OKC@PHX 03/08/2023 09:00PM ET,PHX,13.08,B,13.08
PF/C,Darius Bazley (26913730),Darius Bazley,26913730,PF/C/F/UTIL,3000,OKC@PHX 03/08/2023 09:00PM ET,PHX,13.56,B,13.56
SF/PF,T.J. Warren (26913734),T.J. Warren,26913734,SF/PF/F/UTIL,3000,OKC@PHX 03/08/2023 09:00PM ET,PHX,15.01,B,15.01
PF,Ish Wainright (26913738),Ish Wainright,26913738,PF/F/UTIL,3000,OKC@PHX 03/08/2023 09:00PM ET,PHX,10.81,B,10.81
PG,Saben Lee (26913741),Saben Lee,26913741,PG/G/UTIL,3000,OKC@PHX 03/08/2023 09:00PM ET,PHX,12.69,B,12.69
SF,Justise Winslow (26913629),Justise Winslow,26913629,SF/F/UTIL,3000,POR@BOS 03/08/2023 07:30PM ET,POR,20.46,O,20.46
PF/C,Jabari Walker (26913896),Jabari Walker,26913896,PF/C/F/UTIL,3000,POR@BOS 03/08/2023 07:30PM ET,POR,6.4,B,6.4
C,John Butler (26913900),John Butler,26913900,C/UTIL,3000,POR@BOS 03/08/2023 07:30PM ET,POR,1.56,B,1.56
SF/PF,Kevin Knox II (26913902),Kevin Knox II,26913902,SF/PF/F/UTIL,3000,POR@BOS 03/08/2023 07:30PM ET,POR,9.65,B,9.65
SG/SF,Keon Johnson (26913906),Keon Johnson,26913906,SG/SF/F/G/UTIL,3000,POR@BOS 03/08/2023 07:30PM ET,POR,8.02,B,8.02
PG,Ryan Arcidiacono (26913911),Ryan Arcidiacono,26913911,PG/G/UTIL,3000,POR@BOS 03/08/2023 07:30PM ET,POR,2.93,O,2.93
C,Ibou Badji (26913914),Ibou Badji,26913914,C/UTIL,3000,POR@BOS 03/08/2023 07:30PM ET,POR,0,O,0
SF/PF,Thaddeus Young (26913797),Thaddeus Young,26913797,SF/PF/F/UTIL,3000,TOR@LAC 03/08/2023 10:00PM ET,TOR,12.64,B,12.64
PG/SG,Jeff Dowtin (26913801),Jeff Dowtin,26913801,PG/SG/G/UTIL,3000,TOR@LAC 03/08/2023 10:00PM ET,TOR,5.54,B,5.54
PG,Malachi Flynn (26913805),Malachi Flynn,26913805,PG/G/UTIL,3000,TOR@LAC 03/08/2023 10:00PM ET,TOR,10.14,B,10.14
PF,Ron Harper Jr. (26913808),Ron Harper Jr.,26913808,PF/F/UTIL,3000,TOR@LAC 03/08/2023 10:00PM ET,TOR,3.38,B,3.38
PG/SF,Joe Wieskamp (26913811),Joe Wieskamp,26913811,PG/SF/F/G/UTIL,3000,TOR@LAC 03/08/2023 10:00PM ET,TOR,4.67,B,4.67
C,Christian Koloko (26913816),Christian Koloko,26913816,C/UTIL,3000,TOR@LAC 03/08/2023 10:00PM ET,TOR,10.61,B,10.61
PF,Otto Porter Jr. (26913818),Otto Porter Jr.,26913818,PF/F/UTIL,3000,TOR@LAC 03/08/2023 10:00PM ET,TOR,12.84,B,12.84
PG,Dalano Banton (26913821),Dalano Banton,26913821,PG/G/UTIL,3000,TOR@LAC 03/08/2023 10:00PM ET,TOR,9.52,B,9.52
C,Taj Gibson (26913697),Taj Gibson,26913697,C/UTIL,3000,ATL@WAS 03/08/2023 07:00PM ET,WAS,8.24,B,8.24
PG/SG,Kendrick Nunn (26913699),Kendrick Nunn,26913699,PG/SG/G/UTIL,3000,ATL@WAS 03/08/2023 07:00PM ET,WAS,11.22,B,11.22
SF/PF,Anthony Gill (26913703),Anthony Gill,26913703,SF/PF/F/UTIL,3000,ATL@WAS 03/08/2023 07:00PM ET,WAS,6.24,B,6.24
PG,Jamaree Bouyea (26913707),Jamaree Bouyea,26913707,PG/G/UTIL,3000,ATL@WAS 03/08/2023 07:00PM ET,WAS,9.56,B,9.56
PG/SG,Quenton Jackson (26913710),Quenton Jackson,26913710,PG/SG/G/UTIL,3000,ATL@WAS 03/08/2023 07:00PM ET,WAS,2.75,B,2.75
PF/C,Isaiah Todd (26913714),Isaiah Todd,26913714,PF/C/F/UTIL,3000,ATL@WAS 03/08/2023 07:00PM ET,WAS,0.5,B,0.5
SG/SF,Johnny Davis (26913718),Johnny Davis,26913718,SG/SF/F/G/UTIL,3000,ATL@WAS 03/08/2023 07:00PM ET,WAS,2.5,B,2.5
C,Jay Huff (26913723),Jay Huff,26913723,C/UTIL,3000,ATL@WAS 03/08/2023 07:00PM ET,WAS,0,B,0